{
	"id": "7975fb79-6d58-4c94-9190-24d83c0cdbbc",
	"name": "PROD ENV",
	"values": [
		{
			"key": "BASE_URL",
			"value": "http://localhost:3000",
			"type": "default",
			"enabled": true
		},
		{
			"key": "API_KEY",
			"value": "GCMUDiuY5a7WvyUNt9n3QztToSHzK7Uj",
			"type": "default",
			"enabled": true
		},
		{
			"key": "ACCESS_TOKEN",
			"value": null,
			"type": "default",
			"enabled": true
		},
		{
			"key": "ADMIN_EMAIL",
			"value": "admin@xyz.com",
			"type": "default",
			"enabled": true
		},
		{
			"key": "ADMIN_PWD",
			"value": "changeit",
			"type": "default",
			"enabled": true
		}
	],
	"_postman_variable_scope": "environment",
	"_postman_exported_at": "2022-12-20T12:29:29.162Z",
	"_postman_exported_using": "Postman/10.6.7"
}